index,jempol_kanan,telunjuk_kanan,tengah_kanan,manis_kanan,kelingking_kanan,jempol_kiri,telunjuk_kiri,tengah_kiri,manis_kiri,kelingking_kiri
1,58.8809318542,95.2031326294,101.740394592,96.9273605347,88.00849151610001,69.8703918457,96.3162384033,101.86444854700001,95.3389205933,86.2809448242
1,58.8811798096,95.20910644530001,101.76167297399999,96.9691390991,88.06321716309999,69.8722991943,96.3375854492,101.884376526,95.34462738040001,86.27626800540001
1,58.881427764899996,95.2172241211,101.786766052,97.00924682620001,88.09288024899999,69.87715911869999,96.3558349609,101.90460968,95.347442627,86.27387237549999
1,58.881652832,95.22779846190001,101.805114746,97.05020141600001,88.1193695068,69.8767852783,96.3840789795,101.919029236,95.3558578491,86.2705993652
1,58.8818588257,95.2350463867,101.825195312,97.0842514038,88.148109436,69.8802719116,96.40265655520001,101.933891296,95.3628692627,86.2695922852
1,58.8820762634,95.23871612549999,101.83716583299999,97.1165466309,88.1736831665,69.8848266602,96.4306411743,101.940284729,95.3661499023,86.264793396
1,58.8822669983,95.2398986816,101.860710144,97.1376876831,88.1919937134,69.882522583,96.4543914795,101.951225281,95.3641662598,86.26128387450001
1,58.8824653625,95.24131774899999,101.882614136,97.16296386719999,88.2073669434,69.8835525513,96.47157287600001,101.962120056,95.3622131348,86.25723266600001
1,58.8826446533,95.24942016600001,101.897972107,97.1905212402,88.2193832397,69.8613433838,96.48741149899999,101.97344970700001,95.3607406616,86.2531509399
1,58.8828277588,95.25816345209999,101.91290283200001,97.2089920044,88.2380752563,69.8606414795,96.5058822632,101.990936279,95.3575592041,86.2498855591
1,58.88299942020001,95.2636108398,101.930763245,97.22142028809999,88.2610244751,69.8677597046,96.529586792,102.00074768100001,95.35570526120001,86.24591064450001
1,58.883140563999994,95.27165985110001,101.949645996,97.2339553833,88.28421783450001,69.8672790527,96.55361175540001,102.01105499299999,95.35213470459999,86.23885345459999
1,58.8833007812,95.2790679932,101.96740722700001,97.25896453860001,88.3042755127,69.87357330319999,96.585609436,102.022514343,95.35880279540001,86.2316360474
1,58.8834457397,95.28958129879999,101.98832702600001,97.3044128418,88.31712341309999,69.8776397705,96.6120986938,102.04092407200001,95.3689498901,86.2267913818
1,58.88360214229999,95.29577636719999,102.019256592,97.3392028809,88.3595428467,69.8790283203,96.63050842290001,102.069221497,95.38865661620001,86.22071838379999
1,58.883731841999996,95.29917907709999,102.05136871299999,97.3697814941,88.38388824459999,69.8865432739,96.6611404419,102.11142730700001,95.40319824219999,86.2163696289
1,58.8838615417,95.2973480225,102.077079773,97.39818573,88.4041290283,69.88175964359999,96.68622589110001,102.15306854200001,95.42121887209998,86.2200164795
1,58.8839950562,95.2952880859,102.097213745,97.4101867676,88.4165115356,69.8730163574,96.7386474609,102.21292877200001,95.4550323486,86.2325057983
1,58.884117126499994,95.2905197144,102.115783691,97.4262466431,88.42658233639999,69.8464126587,96.79141998290001,102.277038574,95.47240448,86.2400970459
1,58.884223938000005,95.2834777832,102.127914429,97.439453125,88.4367294312,69.8317947388,96.8299407959,102.30857086200001,95.4935913086,86.25001525879999
1,57.136554718,94.6625823975,101.55027008100001,96.8971939087,88.2301101685,67.04363250729999,97.76421356200001,102.441040039,94.9611434937,85.7683181763
1,56.9437484741,94.5723190308,101.59690094,96.8932723999,88.13221740719999,67.04774475100001,97.77500915530001,102.464706421,94.9736251831,85.7693862915
1,56.6835975647,94.56951904299999,101.70391845700001,96.9426345825,88.07160186770001,67.0575942993,97.7859115601,102.48157501200001,94.9796905518,85.7696838379
1,56.4494438171,94.5275650024,101.732185364,96.9490280151,87.988899231,67.0756378174,97.8018951416,102.49339294399999,94.9865570068,85.7685317993
1,56.305885314899996,94.5517272949,101.80785369899999,97.0216369629,87.97673797610001,67.1002502441,97.8192901611,102.50077819799999,94.991897583,85.7673873901
1,56.1697120667,94.53009796139999,101.828620911,97.048324585,87.93397521969999,67.1195297241,97.83173370360001,102.508430481,94.9914321899,85.7644195557
1,56.0894966125,94.56518554690001,101.896697998,97.1216049194,87.9550552368,67.1319351196,97.8376617432,102.50984954799999,94.9882202148,85.7597503662
1,55.959197998,94.55079650879999,101.91986084,97.1495513916,87.94709014889999,67.1517868042,97.84385681149999,102.510879517,94.9844589233,85.75788879390001
1,55.9336776733,94.5902328491,101.995018005,97.227897644,87.9790267944,67.1779327393,97.8471450806,102.50983429,94.9816513062,85.7552566528
1,55.904731750500005,94.5865249634,102.00904846200001,97.2786254883,87.95999908450001,67.2074432373,97.8493804932,102.50962066700001,94.9806137085,85.754196167
1,55.8797302246,94.6297988892,102.077484131,97.3801574707,87.99446105959998,67.2446746826,97.8500289917,102.509643555,94.9792861938,85.75337982180001
1,55.813346862799996,94.6186447144,102.097297668,97.41812896729999,87.9870910645,67.28531646729999,97.85082244870001,102.510025024,94.9787902832,85.7521438599
1,55.782382965100005,94.6603240967,102.17854309100001,97.50826263430001,88.0265579224,67.31651306149999,97.8527908325,102.509971619,94.9783706665,85.7490844727
1,55.6909141541,94.652633667,102.205291748,97.5425262451,88.0247573853,67.33702087399999,97.85564422610001,102.509124756,94.9777908325,85.7447967529
1,55.6156578064,94.70338439940001,102.284088135,97.6253585815,88.0602416992,67.3467483521,97.8593063354,102.509216309,94.976776123,85.7421875
1,55.530605316199996,94.7102661133,102.30454254200001,97.6509780884,88.05974578860001,67.3498687744,97.86265563959999,102.50859832799999,94.9644851685,85.73876953119999
1,55.4556388855,94.7642745972,102.377243042,97.7188949585,88.1024703979,67.3564987183,97.865524292,102.50847625700001,94.9486694336,85.7336349487
1,55.3596076965,94.77521514889999,102.39173126200001,97.73601531979999,88.11108398440001,67.359046936,97.86729431149999,102.508102417,94.93753814700001,85.724937439
1,55.291213989300005,94.8356704712,102.463874817,97.80540466309999,88.16918945309999,67.3602294922,97.86923980709999,102.507865906,94.929359436,85.7178955078
1,55.2288246155,94.8522567749,102.48188018799999,97.8292388916,88.16976165770001,67.3633117676,97.8712844849,102.50795745799999,94.92944335940001,85.7114028931
1,58.3199691772,97.6473922729,105.834815979,101.23621368399999,90.56359863280001,69.61628723140001,97.9369430542,103.054695129,95.60682678219999,85.4669723511
1,58.4358901978,97.6544265747,105.846382141,101.23057556200001,90.5639572144,69.6561660767,97.9665985107,103.10272216799999,95.645652771,85.5146102905
1,58.473361968999995,97.71594238280001,105.915687561,101.279090881,90.60771942139999,69.6825637817,97.9496459961,103.095542908,95.61045837399999,85.5223312378
1,58.6282806396,97.7232055664,105.928855896,101.27684021,90.5944519043,69.7359085083,97.98867797850001,103.133041382,95.6196975708,85.5325088501
1,59.057189941400004,97.7852096558,105.99279785200001,101.331977844,90.61730957030001,69.7578964233,97.97513580319999,103.109680176,95.5925064087,85.5273666382
1,59.091594696,97.7980041504,106.00527954100001,101.328056335,90.5904312134,69.8228683472,98.0022201538,103.15642547600001,95.6263961792,85.5430526733
1,59.264419555699995,97.8618774414,106.07437133799999,101.379676819,90.6127853394,69.8207473755,98.00372314450001,103.14241027799999,95.6163482666,85.5370864868
1,59.438697814899996,97.86714935299999,106.082977295,101.37892913799999,90.59037017819999,69.8372116089,98.0561294556,103.18546295200001,95.6302719116,85.5891571045
1,59.499004363999994,97.9288482666,106.148696899,101.432762146,90.60864257809999,69.8231735229,98.0544967651,103.179618835,95.5944366455,85.5994110107
1,59.7174224854,97.94485473629999,106.153182983,101.436103821,90.5802764893,69.84828948970001,98.1051254272,103.229476929,95.6353530884,85.6531829834
1,59.7949981689,98.01146698,106.20896148700001,101.49144744899999,90.6075668335,69.8391418457,98.0962371826,103.21955108600001,95.63787841799999,85.6624603271
1,59.9298934937,98.0291595459,106.20912933299999,101.491127014,90.5986785889,69.8848190308,98.12482452389999,103.257820129,95.6918182373,85.7141036987
1,59.6985588074,98.0939025879,106.26554107700001,101.544372559,90.64297485350001,69.8847045898,98.10556793209999,103.247772217,95.6863708496,85.7404937744
1,59.7756576538,98.1010971069,106.26448059100001,101.547241211,90.6475219727,69.9231872559,98.1610488892,103.28881835899999,95.7443618774,85.8016052246
1,59.9392776489,98.154800415,106.319114685,101.60509491,90.6906356812,69.92147827149999,98.15788269040002,103.271263123,95.7534790039,85.8175506592
1,60.2403297424,98.15970611569999,106.32039642299999,101.608451843,90.6853561401,69.9700088501,98.20169830319999,103.30944061299999,95.80308532709999,85.87059783939999
1,60.27460098270001,98.2142410278,106.375679016,101.667419434,90.7318191528,69.97606658939999,98.19365692139999,103.336242676,95.81639099120001,85.8717956543
1,60.2475509644,98.21572113040001,106.37625885,101.671875,90.72714233399999,70.0208816528,98.2397003174,103.410415649,95.8761291504,85.91354370120001
1,60.2577285767,98.270362854,106.432533264,101.726615906,90.7673568726,70.0185546875,98.2533950806,103.391113281,95.8922424316,85.91151428219999
1,60.196018218999995,98.2741241455,106.43046569799999,101.7240448,90.78044891360001,70.0362548828,98.3090362549,103.414352417,95.94780731200001,85.94904327389999
1,59.427715301499994,99.8680801392,108.39987182600001,103.512634277,91.7272491455,72.1137237549,100.10272216799999,105.378700256,97.6510925293,87.7275161743
1,59.413372039799995,99.8670425415,108.398742676,103.51385498,91.73190307620001,72.1355667114,100.13987731899999,105.41408538799999,97.7079391479,87.78382873540001
1,59.392124176,99.865737915,108.39826965299999,103.516891479,91.7344284058,72.09335327149999,100.129844666,105.402206421,97.7312774658,87.7982635498
1,59.3883628845,99.8655166626,108.398071289,103.51914978,91.73531341549999,72.11264801029999,100.15868377700001,105.4532547,97.79892730709999,87.87046813959999
1,59.390018463100006,99.8652572632,108.396812439,103.524681091,91.73593139649999,72.0821151733,100.151092529,105.452850342,97.82577514649999,87.8952865601
1,59.3755912781,99.8650970459,108.395584106,103.529502869,91.73575592040001,72.0881881714,100.19779968299999,105.510749817,97.8993911743,87.96508789059999
1,59.3574905396,99.8650131226,108.394203186,103.53274536100001,91.73587799069999,72.0683288574,100.193580627,105.51169586200001,97.933883667,87.9912033081
1,59.3325500488,99.86483001709999,108.39147186299999,103.53337860100001,91.7387771606,72.0874481201,100.238502502,105.56838989299999,97.9868011475,88.06279754639999
1,59.3200073242,99.8645858765,108.38444519,103.53365325899999,91.7387619019,72.06981658939999,100.240493774,105.58102417,97.99348449709998,88.07139587399999
1,59.3243598938,99.86429595950001,108.37363433799999,103.534118652,91.73851776120001,72.0773162842,100.297767639,105.64511108399999,98.0480728149,88.1244659424
1,59.437210083000004,99.8637771606,108.364227295,103.53441619899999,91.73838043209999,72.0576095581,100.309089661,105.65934753399999,98.0512771606,88.1448974609
1,59.485332488999994,99.85823822020001,108.35425567600001,103.53590393100001,91.73818206790001,72.068069458,100.35751342799999,105.728286743,98.1104125977,88.2028579712
1,59.5076293945,99.8533859253,108.35180664100001,103.536422729,91.7380752563,72.0429916382,100.358535767,105.71710968,98.12828063959999,88.240852356
1,59.5166778564,99.8442993164,108.352462769,103.536560059,91.73860168459998,72.0583724976,100.409820557,105.76448059100001,98.18106842040001,88.3190841675
1,59.5248794556,99.83770751950001,108.35395049999998,103.536804199,91.7389678955,71.9820861816,100.406600952,105.756919861,98.1831817627,88.326675415
1,59.5313148499,99.8325805664,108.354133606,103.536849976,91.737991333,71.9888381958,100.45224762,105.80535125700001,98.21795654299999,88.3732452393
1,59.5480041504,99.8295288086,108.35194397,103.536903381,91.7376327515,71.9666976929,100.448143005,105.800102234,98.2042312622,88.3739471436
1,59.5585670471,99.82788848879999,108.350158691,103.533592224,91.7364120483,71.987449646,100.49634552,105.85019683799999,98.2521057129,88.41979980469999
1,59.526973724399994,99.8259811401,108.347038269,103.532821655,91.7361068726,71.9646148682,100.487091064,105.84589386,98.2426605225,88.42652130129999
1,59.473297119099996,99.8212432861,108.34423065200001,103.533081055,91.7354888916,71.975730896,100.530960083,105.898071289,98.293182373,88.4744720459
1,54.1058807373,99.6176757812,108.34101104700001,103.44591522200001,91.68301391600001,72.6820983887,100.70602417,105.849250793,98.66388702389999,89.1208953857
1,53.9559898376,99.6202011108,108.33998870799999,103.445388794,91.6807174683,72.6689453125,100.703742981,105.848678589,98.6728210449,89.12425994870001
1,53.732719421400006,99.6237716675,108.34001159700001,103.444313049,91.6808547974,72.6526260376,100.702766418,105.846832275,98.6969833374,89.130531311
1,53.5146064758,99.62684631350001,108.340553284,103.43774414100001,91.68012237549999,72.62259674069999,100.702713013,105.84720611600001,98.70420837399999,89.1325454712
1,53.3570175171,99.6305160522,108.34101104700001,103.437561035,91.6786346436,72.6212463379,100.704017639,105.845909119,98.7232894897,89.1351776123
1,53.2108535767,99.6338729858,108.340118408,103.437728882,91.67574310299999,72.6213760376,100.706382751,105.844703674,98.7274932861,89.14093780520001
1,53.0886726379,99.636932373,108.339485168,103.43413543700001,91.6737518311,72.6165924072,100.70434570299999,105.84436035200001,98.7302703857,89.149772644
1,52.9792671204,99.6397857666,108.339492798,103.425338745,91.67175292969999,72.6024780273,100.69813537600001,105.843544006,98.7320022583,89.15919494629999
1,52.914150238000005,99.642791748,108.339439392,103.422935486,91.6694259644,72.6029205322,100.700050354,105.84420013399999,98.73510742190001,89.1653747559
1,52.8603897095,99.64569091799999,108.33938598600001,103.416091919,91.6672210693,72.5941848755,100.70519256600001,105.843765259,98.74284362790002,89.1702880859
1,52.8100738525,99.6474151611,108.33973693799999,103.41327667200001,91.66757202149999,72.58094787600001,100.701797485,105.84327697799999,98.741973877,89.1755142212
1,52.7800598145,99.6484069824,108.33832549999998,103.41204071,91.6669464111,72.5791549683,100.68573761,105.84815979,98.7437820435,89.17914581299999
1,52.747383117700004,99.6498031616,108.33521270799999,103.39645385700001,91.6712875366,72.5788192749,100.67127227799999,105.851783752,98.7519760132,89.19696807860001
1,52.7369270325,99.64995574950001,108.334197998,103.391197205,91.67281341549999,72.5772399902,100.67048645,105.859573364,98.7516708374,89.2022247314
1,52.716434478800004,99.64998626709999,108.33136749299999,103.38137817399999,91.67398834229999,72.570640564,100.668228149,105.871589661,98.7549438477,89.2105178833
1,52.694007873500006,99.64998626709999,108.32962799100001,103.375862122,91.67436981200001,72.5440673828,100.668243408,105.878715515,98.75561523440001,89.2186965942
1,52.659442901599995,99.64923095700001,108.32866668700001,103.37197113,91.6752853394,72.5263595581,100.668106079,105.89395141600001,98.7651977539,89.22044372559999
1,52.6266593933,99.6485137939,108.32816314700001,103.369338989,91.6741714478,72.5043716431,100.668586731,105.90873718299999,98.76824188229999,89.22721862790002
1,52.5969848633,99.64900970459999,108.32699585,103.36576843299999,91.67434692379999,72.4515228271,100.67234802200001,105.921867371,98.76839447020001,89.23030853270001
1,52.5780258179,99.6487808228,108.322563171,103.359870911,91.6749343872,72.4133911133,100.67713928200001,105.92951965299999,98.7686386108,89.2321472168
2,58.2675895691,93.4447097778,112.943069458,107.31952667200001,92.7183609009,61.4650497437,77.8667449951,100.71430206299999,95.8048400879,87.8559494019
2,58.2619590759,93.1814880371,112.97280120799999,107.329170227,92.7079849243,61.572597503699996,79.3248443604,100.71620941200001,95.7688903809,87.7900695801
2,58.2597770691,92.8979644775,112.997924805,107.336196899,92.70249938959999,61.6995010376,80.3619155884,100.72157287600001,95.74237060549999,87.72798919680001
2,58.272888183599996,92.4269256592,113.02653503399999,107.34686279299999,92.6869888306,61.8807945251,81.5750579834,100.739868164,95.6901245117,87.63605499270001
2,58.295459747299994,91.96955108639999,113.036895752,107.36128234899999,92.6711807251,62.048458099399994,82.4596557617,100.75958252,95.6561355591,87.5650634766
2,58.3043403625,91.6786346436,113.039131165,107.370597839,92.66514587399999,62.1243171692,82.7571868896,100.77290344200001,95.64186096190001,87.53736877440001
2,58.323463439899996,91.15740966799999,113.04167938200001,107.387611389,92.64839935299999,62.2383270264,89.7178039551,100.79552459700001,95.6380004883,87.48559570309999
2,58.330898284899995,90.3592605591,113.044364929,107.400810242,92.6333999634,62.464881897,92.5772247314,100.884208679,95.61469268799999,87.4258651733
2,58.3450050354,89.8535614014,113.044708252,107.40868377700001,92.6227416992,62.6335754395,93.18064880370001,100.970474243,95.59315490719999,87.3738174438
2,58.352394104,89.15746307370001,113.043998718,107.415367126,92.61555480959998,62.725925445600005,93.41290283200001,101.07509613,95.58017730709999,87.30207824709998
2,58.363967895500004,88.4408493042,113.042350769,107.423835754,92.5969009399,62.7727813721,93.5525360107,101.11805725100001,95.5699462891,87.23754119870001
2,58.384963989300005,87.8803710938,113.04105377200001,107.43215179399999,92.5866241455,62.829921722399995,93.6543502808,101.15754699700001,95.5755310059,87.1854171753
2,58.4022712708,87.40985870360001,113.03959655799999,107.441642761,92.5665359497,62.8683700562,93.7660980225,101.19291687,95.5732116699,87.1471252441
2,58.417213439899996,86.8637084961,113.03782653799999,107.450523376,92.5596542358,62.921405792200005,93.877166748,101.23743438700001,95.57652282709999,87.126701355
2,58.433673858599995,86.3064193726,113.03657531700001,107.455451965,92.5585632324,62.9872360229,93.9759597778,101.27521514899999,95.57675170899999,87.114112854
2,58.470546722399995,85.84689331050001,113.035163879,107.45893859899999,92.56477355959998,63.096450805699995,94.08595275879999,101.307701111,95.59392547610001,87.10626220700001
2,58.5144462585,85.42546844479999,113.031532288,107.464775085,92.57147216799999,63.1837730408,94.1965713501,101.342292786,95.60911560059999,87.0967330933
2,58.5793762207,85.0308227539,113.029083252,107.472496033,92.5827789307,63.276287078900005,94.2673568726,101.38359069799999,95.6384429932,87.08717346190001
2,58.6894378662,84.50858306880001,113.029136658,107.47985839799999,92.58748626709999,63.3672027588,94.3340682983,101.427047729,95.64298248290001,87.08006286620001
2,58.816326141400005,84.1885604858,113.02807617200001,107.486038208,92.5920715332,63.4116973877,94.43273925780001,101.480186462,95.6452789307,87.0658035278
2,58.1457138062,66.29025268550001,112.53352356,108.350868225,94.0059280396,65.0168457031,96.3271484375,102.56240844700001,95.80402374270001,86.40860748290001
2,58.1526489258,66.2689819336,112.527267456,108.355110168,94.0080413818,64.9950027466,96.32110595700001,102.57396698,95.8185272217,86.44129943850001
2,58.1532058716,66.2330093384,112.520591736,108.35789489700001,94.01615142819999,64.9665603638,96.31879425049999,102.581390381,95.8279571533,86.4575042725
2,58.1516189575,66.2202453613,112.513473511,108.36000824,94.0286102295,64.9362411499,96.31463623049999,102.589073181,95.8323898315,86.4646148682
2,58.1816749573,66.1553726196,112.509605408,108.365730286,94.0496520996,64.9105377197,96.3102722168,102.597465515,95.8332977295,86.4769515991
2,58.2211494446,66.1296234131,112.50805664100001,108.369087219,94.0547561646,64.9069290161,96.308380127,102.601165771,95.8334350586,86.48114776610001
2,58.3531417847,66.0984649658,112.50576019299999,108.37951660200001,94.0580444336,64.9031524658,96.30541992190001,102.60662078899999,95.835647583,86.48770141600001
2,58.5202026367,66.07870483399999,112.50505828899999,108.39375305200001,94.0684967041,64.8968582153,96.3031539917,102.612846375,95.8396759033,86.494758606
2,58.5767593384,66.0738296509,112.50504303,108.40676116899999,94.0888748169,64.88930511470001,96.303565979,102.617614746,95.84231567379999,86.50511932370001
2,58.591667175299996,66.0589141846,112.512817383,108.42901611299999,94.1005096436,64.8825531006,96.30263519290001,102.62285614,95.8470535278,86.5134506226
2,58.591156005900004,66.0412445068,112.528244019,108.449226379,94.1210403442,64.8821334839,96.30088806149999,102.625068665,95.8539962769,86.5243530273
2,58.59063339229999,66.0420608521,112.55193328899999,108.460296631,94.1865234375,64.8793487549,96.2991638184,102.627090454,95.8583526611,86.5343780518
2,58.5900840759,66.0607452393,112.57740020799999,108.454872131,94.2640457153,64.876991272,96.2956848145,102.629554749,95.86296081540002,86.5452041626
2,58.5895500183,66.0969467163,112.594734192,108.44473266600001,94.3259735107,64.86945343020001,96.293258667,102.632499695,95.8667144775,86.56210327149999
2,58.5890197754,66.1766052246,112.60559082,108.43955993700001,94.3735275269,64.8668899536,96.29090881350001,102.635467529,95.8689727783,86.57704925540001
2,58.5884742737,66.3726348877,112.612892151,108.42944335899999,94.41613769530001,64.8540725708,96.28890228270001,102.638175964,95.8720016479,86.5871887207
2,58.587928772,66.5870513916,112.615036011,108.41354370100001,94.458732605,64.8264465332,96.28652954100001,102.641052246,95.88697814940001,86.5938339233
2,58.5874061584,66.85710906979999,112.615371704,108.39978027299999,94.4753875732,64.8123550415,96.2834320068,102.642524719,95.8926315308,86.6046447754
2,58.5868759155,67.0935134888,112.611114502,108.388946533,94.4791641235,64.796081543,96.2813949585,102.644302368,95.89701080319999,86.6143341064
2,58.5863609314,67.3426437378,112.605781555,108.38423156700001,94.4781494141,64.7847824097,96.27877807620001,102.64531707799999,95.9011535645,86.6236343384
2,44.6910133362,63.3701171875,111.992622375,105.125396729,93.33581542969999,64.7634277344,96.65155029299999,102.71688079799999,95.54850769040002,86.5794754028
2,44.561576843299996,63.3297767639,111.991867065,105.097862244,93.28749084469999,64.7723999023,96.6532363892,102.719787598,95.54968261719999,86.575553894
2,44.497825622600004,63.272441863999994,111.991355896,105.063896179,93.246711731,64.7810134888,96.6550674438,102.725318909,95.55704498290001,86.5731811523
2,44.491157531700004,63.194534301800005,111.98518371600001,105.00659179700001,93.204864502,64.79289245609999,96.6563262939,102.735237122,95.5713119507,86.57342529299999
2,44.4486846924,63.0833854675,111.96354675299999,104.88758850100001,93.14078521729999,64.7932891846,96.66056060790001,102.759422302,95.6003570557,86.5716629028
2,44.423465728800004,63.0327186584,111.95363616899999,104.84574127200001,93.1131362915,64.789352417,96.66292572020001,102.768409729,95.6111755371,86.576423645
2,44.3652038574,62.923992157,111.948356628,104.79179382299999,93.0662689209,64.78188323970001,96.6714019775,102.78337097200001,95.62294006350001,86.5901870728
2,44.3394966125,62.8291244507,111.932769775,104.74549865700001,93.0339584351,64.7796020508,96.6779251099,102.79566955600001,95.6288223267,86.5982894897
2,44.318420410200005,62.708854675299996,111.92373657200001,104.695007324,93.0097885132,64.7744445801,96.6791992188,102.80529785200001,95.6340942383,86.5998077393
2,44.2773094177,62.648494720500004,111.91857910200001,104.623985291,92.9780044556,64.7655944824,96.681350708,102.807067871,95.636505127,86.6000366211
2,44.2186470032,62.596801757799994,111.912330627,104.549163818,92.9546661377,64.75760650630001,96.6832504272,102.807273865,95.6355361938,86.5960922241
2,44.2141036987,62.5565452576,111.905807495,104.496955872,92.91967773440001,64.7498550415,96.6845932007,102.807350159,95.6349945068,86.5910491943
2,44.1661567688,62.5304756165,111.88851928700001,104.45811462399999,92.8827438354,64.7451858521,96.6861038208,102.807533264,95.63380432129999,86.58460998540001
2,44.1104164124,62.4881744385,111.846000671,104.410774231,92.866355896,64.74480438229999,96.68997192379999,102.80709838899999,95.6327514648,86.5746841431
2,44.083652496300004,62.4238014221,111.824897766,104.33639526399999,92.85174560549999,64.7460861206,96.69192504879999,102.80718231200001,95.6299285889,86.5642623901
2,44.092765808100005,62.3572807312,111.80679321299999,104.274742126,92.81429290770001,64.74759674069999,96.6934967041,102.80708313,95.6274337769,86.54926300049999
2,44.0658760071,62.190612793,111.787231445,104.217262268,92.7738037109,64.7476348877,96.695022583,102.807952881,95.62476348879999,86.5305786133
2,44.0115394592,62.0609779358,111.756072998,104.172561646,92.73210906979999,64.7461013794,96.6967544556,102.808181763,95.6220779419,86.51217651370001
2,43.9580116272,61.9036712646,111.72013092,104.120452881,92.69535064700001,64.7451324463,96.699546814,102.807823181,95.62084960940001,86.4972686768
2,43.9026451111,61.7804069519,111.661346436,104.054389954,92.6786193848,64.7449951172,96.7029190063,102.80857086200001,95.61775970459999,86.48101043700001
2,50.896293640100005,53.373664856000005,106.070732117,98.5913009644,91.10046386719999,65.2758636475,97.47328186040001,102.783546448,95.65230560299999,86.5924835205
2,50.9007110596,53.3536872864,106.06527709999999,98.5986633301,91.1151733398,65.2746353149,97.4726333618,102.784866333,95.65260314940001,86.5918579102
2,50.9078865051,53.3459510803,106.060600281,98.60403442379999,91.1333007812,65.2740783691,97.47166442870001,102.786483765,95.6543273926,86.5918273926
2,50.912467956499995,53.338920593299996,106.05421447799999,98.6281967163,91.14437103270001,65.27378082279999,97.47058105469999,102.789047241,95.65818786620001,86.6019515991
2,50.9089698792,53.32828521729999,106.033699036,98.66859436040001,91.1471252441,65.2743988037,97.46982574459999,102.790550232,95.678062439,86.6259078979
2,50.918674468999995,53.323810577399996,106.025749207,98.67830657959999,91.15140533450001,65.2743835449,97.46937561040001,102.791778564,95.6854019165,86.62931060790001
2,50.9363822937,53.3129959106,106.012138367,98.69599151610001,91.1678390503,65.2734222412,97.46829986569999,102.793891907,95.68767547610001,86.6421661377
2,50.957927703900005,53.3089981079,106.00386810299999,98.7070617676,91.19250488280001,65.2698822021,97.466506958,102.795936584,95.6879425049,86.6521148682
2,50.985889434799994,53.3075027466,105.998695374,98.72442626950001,91.2086410522,65.2675323486,97.4652328491,102.797088623,95.6881713867,86.6549987793
2,51.016052246099996,53.3069076538,105.99382019,98.7473754883,91.2225418091,65.2621383667,97.4637374878,102.798072815,95.6891860962,86.65863800049999
2,51.054599761999995,53.306022643999995,105.993041992,98.7714004517,91.2316513062,65.25910186770001,97.4622497559,102.798820496,95.6900634766,86.6610870361
2,51.0896911621,53.3060188293,105.993278503,98.79349517819999,91.2408218384,65.2595214844,97.46128845209999,102.79940795899999,95.69100189209999,86.6633605957
2,51.1283721924,53.304046630900004,105.99151611299999,98.8118667603,91.2624664307,65.2552719116,97.4600524902,102.799850464,95.6919555664,86.66542053219999
2,51.169303893999995,53.299785613999994,105.99405670200001,98.83325195309999,91.27730560299999,65.25048828119999,97.4589385986,102.800338745,95.6960372925,86.6675033569
2,51.208656311000006,53.2899017334,105.99075317399999,98.859992981,91.2928848267,65.23915100100001,97.4579620361,102.800590515,95.69960021969999,86.67133331299999
2,51.2424697876,53.2788085938,105.985404968,98.88614654540001,91.3091506958,65.22640228270001,97.4574508667,102.800987244,95.7052230835,86.6764831543
2,51.2768592834,53.268424987799996,105.98124694799999,98.9030303955,91.3286819458,65.21459198,97.4564819336,102.801742554,95.71328735350001,86.6802444458
2,51.316093444799996,53.253852844200004,105.977378845,98.91619110110001,91.3455886841,65.2126693726,97.45420074459999,102.803688049,95.7221908569,86.6847000122
2,51.3697738647,53.2212600708,105.98122406,98.9292678833,91.3475799561,65.1968917847,97.4891204834,102.874099731,95.8125305176,86.3470993042
2,51.3891372681,53.2010040283,105.98197937,98.93531036379999,91.3493804932,65.0638275146,97.46834564209999,102.88495636,95.7919006348,86.2620544434
2,50.279846191400004,48.2719764709,108.146987915,101.54949188200001,96.7215957642,65.480796814,100.082015991,105.05241394,97.818069458,89.35643005370001
2,50.105697631800005,48.259429931599996,108.189834595,101.56725311299999,96.75045013430001,65.4669723511,100.086769104,105.06059265100001,97.8229522705,89.35597229
2,49.94707870479999,48.264335632299996,108.2110672,101.577842712,96.7714538574,65.49393463130001,100.144523621,105.12419128399999,97.8832397461,89.4044418335
2,49.8480300903,48.2759208679,108.22837066700001,101.59545898399999,96.78833007809999,65.4765777588,100.148094177,105.128440857,97.8879089355,89.3971176147
2,49.7580299377,48.283569335900005,108.252258301,101.607917786,96.804069519,65.4886016846,100.203804016,105.191734314,97.94812011719999,89.44574737549999
2,49.6635360718,48.283611297600004,108.271018982,101.622123718,96.8194732666,65.4651794434,100.204124451,105.19932556200001,97.96151733399999,89.447883606
2,49.5874671936,48.281288147,108.29029083299999,101.632736206,96.8355941772,65.4670715332,100.25973510700001,105.260643005,98.02975463870001,89.5092010498
2,49.5181083679,48.2787246704,108.308288574,101.648841858,96.85838317870001,65.43404388430001,100.260955811,105.27013397200001,98.05215454100001,89.5110855103
2,49.46621704100001,48.27523040770001,108.32766723600001,101.659942627,96.873878479,65.4387283325,100.312088013,105.334991455,98.12874603270001,89.5648193359
2,49.421653747600004,48.272773742700004,108.354614258,101.666870117,96.8904190063,65.408531189,100.309509277,105.347938538,98.15287017819999,89.5739440918
2,49.385307311999995,48.2728424072,108.385314941,101.676834106,96.90872192379999,65.4113693237,100.360450745,105.416381836,98.2206497192,89.6322479248
2,49.3430786133,48.2701339722,108.411720276,101.68695831299999,96.9300231934,65.37664031979999,100.358886719,105.426605225,98.2371902466,89.6416854858
2,49.32006073,48.2607002258,108.445152283,101.706756592,96.9446105957,65.389831543,100.410583496,105.494300842,98.3074493408,89.6992950439
2,49.3012008667,48.247539520299995,108.475624084,101.722312927,96.95701599120001,65.3668060303,100.409164429,105.504089355,98.3198471069,89.70411682129999
2,49.3065299988,48.237903595,108.509559631,101.73552703899999,96.97046661379999,65.380317688,100.46543884299999,105.566146851,98.3731079102,89.75238800049999
2,49.3275032043,48.2288665771,108.547309875,101.74858093299999,96.98600769040002,65.3594284058,100.46749115,105.570129395,98.3796844482,89.747833252
2,49.447208404499996,48.211406707799995,108.592102051,101.767372131,97.0083084106,65.3762512207,100.52416992200001,105.62963867200001,98.4291992188,89.77682495120001
2,49.508239746099996,48.2010574341,108.604354858,101.773880005,97.0157699585,65.3714675903,100.524627686,105.629600525,98.42839050290002,89.7676315308
2,49.62679290770001,48.1822624207,108.621910095,101.782234192,97.0322341919,65.40506744380001,100.580696106,105.684448242,98.47736358639999,89.8019714355
2,49.81726455689999,48.1693344116,108.641174316,101.79056549100001,97.051612854,65.4068984985,100.58086395299999,105.68614959700001,98.47737884520001,89.79286956790001
3,43.6809654236,51.586025238000005,105.27813720700001,94.9976272583,85.228477478,59.1956977844,90.7664642334,93.30414581299999,85.96817016600001,78.3031463623
3,43.6347923279,51.5584106445,105.235145569,94.93226623540001,85.2171173096,59.1974754333,90.76461029049999,93.3011550903,85.9644851685,78.303062439
3,43.5908851624,51.5337295532,105.180000305,94.87037658690001,85.19737243649999,59.1982040405,90.7614517212,93.2957839966,85.9596328735,78.3009719849
3,43.524780273400005,51.51132202149999,105.13621521,94.8124542236,85.173286438,59.2007064819,90.756149292,93.2841720581,85.9505844116,78.29848480220001
3,43.448791503900004,51.4912071228,105.09314727799999,94.7422714233,85.1598510742,59.2100601196,90.7494430542,93.27263641360001,85.9428787231,78.2929229736
3,43.3655357361,51.4728813171,105.033340454,94.6741867065,85.15245056149999,59.22108078,90.74271392819999,93.2578048706,85.93670654299999,78.2898712158
3,43.2544517517,51.4565467834,104.963294983,94.6256332397,85.1500167847,59.227001190200006,90.7329177856,93.2400283813,85.9346313477,78.2891464233
3,43.2033576965,51.4416732788,104.889732361,94.58441925049999,85.14693450930001,59.234462738000005,90.7199401855,93.2168197632,85.9291381836,78.28824615479999
3,43.184623718299996,51.4280357361,104.787467957,94.51616668700001,85.1387176514,59.238159179700006,90.7060241699,93.2023696899,85.92330932620001,78.2891464233
3,43.124385833699996,51.415546417200005,104.68563079799999,94.4654922485,85.1351013184,59.2432594299,90.69116210940001,93.1878433228,85.9147338867,78.28885650630001
3,43.1038208008,51.404006958000004,104.600662231,94.4111328125,85.1279525757,59.249004363999994,90.68098449709998,93.1740188599,85.9038162231,78.2869567871
3,43.0756111145,51.3932991028,104.56499481200001,94.35850524899999,85.1176605225,59.2511901855,90.67707824709998,93.1577758789,85.8908233643,78.28439331050001
3,43.0577278137,51.3832969666,104.54230499299999,94.3051757812,85.0964889526,59.253997802700006,90.6692352295,93.1421890259,85.8762512207,78.2827835083
3,43.0516624451,51.3740005493,104.51560211200001,94.236000061,85.0826339722,59.2608757019,90.66207122799999,93.13262939450001,85.86576080319999,78.2840805054
3,43.0200271606,51.3652572632,104.47833252,94.17428588870001,85.0684585571,59.2676239014,90.6602859497,93.12286376950001,85.8612594604,78.28466796880001
3,43.028930664099995,51.3570709229,104.431312561,94.1212310791,85.054649353,59.276512146,90.6592254639,93.11409759520001,85.8564071655,78.2860794067
3,43.0686836243,51.349418640100005,104.386772156,94.0723953247,85.0477371216,59.288349151599995,90.65474700930001,93.1079177856,85.8563766479,78.2894134521
3,43.069393158000004,51.3421897888,104.344673157,94.0254364014,85.0546340942,59.2945289612,90.6489334106,93.1023101807,85.8572540283,78.2955474854
3,43.0787239075,51.3353767395,104.26607513399999,93.9833450317,85.0662689209,59.288772583000004,90.6412734985,93.0948562622,85.85692596439999,78.3001785278
3,43.118637085,51.328918457,104.179878235,93.9478759766,85.0780944824,59.291301727299995,90.63354492190001,93.0872039795,85.8541717529,78.3037414551
3,47.953075408900006,51.191532135,98.1983718872,90.0004806519,83.57443237300001,60.907558441199996,90.31307220459999,92.37718963620001,85.2052078247,78.05387115479999
3,47.989921569799996,51.1921386719,98.19018554690001,89.9715881348,83.5751876831,60.905822753900004,90.32244873049999,92.3804168701,85.2059707642,78.05685424800001
3,48.0165328979,51.192745208699996,98.1847610474,89.9238510132,83.5913772583,60.901077270500004,90.3331451416,92.3822631836,85.2078323364,78.0625686646
3,48.0395202637,51.1933135986,98.1738510132,89.89345550540001,83.60459899899999,60.896987915,90.3429412842,92.3840179443,85.2106781006,78.0691680908
3,48.0658760071,51.193859100299996,98.1400146484,89.86241149899999,83.6083602905,60.891620636000006,90.3484802246,92.3877716064,85.2140426636,78.0757827759
3,48.0946846008,51.194389343299996,98.0923080444,89.8212203979,83.6181564331,60.88069915770001,90.354637146,92.3917541504,85.2194290161,78.0846252441
3,48.1379737854,51.194896698,98.0519485474,89.8026580811,83.6006393433,60.87069702149999,90.3628158569,92.3963546753,85.2256164551,78.09130096439999
3,48.2058410645,51.1953887939,97.9579162598,89.7749023438,83.5868988037,60.8632164001,90.3719940186,92.3999481201,85.2318496704,78.0940475464
3,48.2789077759,51.1958694458,97.9006118774,89.7382202148,83.5796890259,60.8519477844,90.3833465576,92.4059143066,85.23625183109999,78.0977020264
3,48.3579025269,51.1963233948,97.751625061,89.70874023440001,83.57163238529999,60.8515281677,90.39906311040001,92.41256713870001,85.2399597168,78.1023025513
3,48.4511833191,51.1967697144,97.5240478516,89.6919708252,83.5545425415,60.850883483900006,90.4097900391,92.4186630249,85.2440490723,78.10787200930001
3,48.5448493958,51.197185516400005,97.46226501459999,89.6619110107,83.5521774292,60.8490447998,90.418258667,92.4270935059,85.2480697632,78.1128387451
3,48.6482276917,51.197601318400004,97.4626998901,89.6247177124,83.5437088013,60.846038818400004,90.4274291992,92.43377685549999,85.249961853,78.11465454100001
3,48.7383956909,51.1980018616,97.4629592896,89.60299682620001,83.50137329100001,60.843006134,90.4371566772,92.4385070801,85.25215911869999,78.11631774899999
3,48.815101623500006,51.198390960699996,97.46320343020001,89.55201721190001,83.4642333984,60.8450698853,90.4469299316,92.4422531128,85.253616333,78.1166763306
3,48.877822876,51.1987724304,97.4382553101,89.5118026733,83.4404525757,60.848739624,90.45762634280001,92.44444274899999,85.2556304932,78.11782073970001
3,48.9510688782,51.1991424561,97.37023925780001,89.4879226685,83.4092330933,60.8559150696,90.4648208618,92.4466781616,85.25704193119999,78.1184158325
3,49.0074920654,51.1994934082,97.27612304690001,89.4656524658,83.3710327148,60.8651351929,90.4682617188,92.44951629639999,85.2587661743,78.1197662354
3,49.0742225647,51.199836731000005,97.1894226074,89.44180297850001,83.34438323970001,60.8727455139,90.4714126587,92.45258331299999,85.2595367432,78.12001037600001
3,49.1451034546,51.200176238999994,97.08862304690001,89.4106216431,83.3167114258,60.880851745600005,90.4721450806,92.4555664062,85.2596511841,78.12022399899999
3,50.554836273199996,51.212890625,95.68971252440001,88.5188293457,83.99788665770001,60.2545051575,90.5522232056,92.5833969116,85.2264938354,77.7073364258
3,50.5254898071,51.2129631042,95.6940612793,88.5207748413,84.0189819336,60.092582702600005,90.5060272217,92.57830047610001,85.2031326294,77.63887786869999
3,50.510688781700004,51.2130279541,95.69376373290001,88.5229644775,84.0587844849,59.9980316162,90.51628112790002,92.63397216799999,85.2395401001,77.61980438229999
3,50.504028320299994,51.213081359899995,95.68720245360001,88.5288238525,84.0996780396,59.92492294310001,90.4827041626,92.64984893799999,85.2323608398,77.5858459473
3,50.498588561999995,51.2131576538,95.6648101807,88.5403289795,84.1471710205,59.8820114136,90.49649810790001,92.7273483276,85.2959213257,77.6095275879
3,50.4893569946,51.2132110596,95.64373016360001,88.5574645996,84.152885437,59.8219833374,90.4761428833,92.75500488280001,85.3201370239,77.6009521484
3,50.4788703918,51.21328735350001,95.6436462402,88.5678634644,84.1571960449,59.7959365845,90.51914978030001,92.8254089355,85.3818054199,77.643119812
3,50.4685554504,51.2133483887,95.6435852051,88.5752258301,84.1666946411,59.725116729700005,90.51912689209999,92.83625793459998,85.3990020752,77.64566802979999
3,50.445640563999994,51.2134017944,95.6386413574,88.5971832275,84.1689605713,59.69128799439999,90.56293487549999,92.89443206790001,85.4561004639,77.6971435547
3,50.438137054399995,51.2134628296,95.6389770508,88.6092605591,84.1686477661,59.614818573,90.55425262450001,92.8992233276,85.46043396,77.7030792236
3,50.438774108900006,51.2135238647,95.64017486569999,88.62266540530001,84.1677093506,59.5809822083,90.6005020142,92.95547485350001,85.5250320435,77.7547683716
3,50.437084198,51.213577270500004,95.6426010132,88.63167572020001,84.16709899899999,59.505950927700006,90.58633422850001,92.9532928467,85.5446243286,77.75477600100001
3,50.475566863999994,51.213634491,95.64256286620001,88.63549804690001,84.1670761108,59.486415863000005,90.62940979,92.99745178219999,85.60362243649999,77.7943344116
3,50.5238876343,51.2137031555,95.6425247192,88.63726043700001,84.16548919680001,59.450134277299995,90.615562439,92.9931716919,85.6051864624,77.7751541138
3,50.5834312439,51.2137527466,95.6424865723,88.6384658813,84.1647644043,59.4613800049,90.6544113159,93.04504394530001,85.6520462036,77.806930542
3,50.656372070299994,51.2138023376,95.6424484253,88.6399154663,84.1640319824,59.4520072937,90.64847564700001,93.0356445312,85.6486129761,77.8025588989
3,50.712532043500005,51.2138633728,95.6424102783,88.6397171021,84.1643600464,59.4659957886,90.69270324709998,93.0701217651,85.6923446655,77.8506469727
3,50.7686386108,51.213916778599994,95.6423721313,88.63877868649999,84.1683959961,59.459350585900005,90.6723022461,93.05185699459999,85.6859207153,77.8536987305
3,50.787929534899995,51.2123451233,95.64233398440001,88.63827514649999,84.1800231934,59.4830780029,90.7041015625,93.0801620483,85.7336883545,77.8995285034
3,50.787609100299996,51.2108306885,95.64240264889999,88.6379241943,84.1991958618,59.4794502258,90.6792068481,93.06000518799999,85.7264404297,77.9036254883
3,50.200733184799994,52.9038543701,97.2293548584,90.4085083008,88.023147583,61.2489547729,93.86457824709998,98.2649307251,91.01126861569999,81.12255859380001
3,50.1933822632,52.894592285200005,97.3016433716,90.45057678219999,88.0616607666,61.2596282959,93.8768081665,98.27085876459999,91.0003051758,81.1591262817
3,50.1771774292,52.889667511000006,97.3566131592,90.49290466309999,88.0955657959,61.3053894043,93.9351196289,98.3143844604,91.0695037842,81.211555481
3,50.173042297399995,52.8836097717,97.39763641360001,90.52883911129999,88.12035369870001,61.3223724365,93.9355010986,98.31419372559999,91.0875473022,81.22704315189999
3,50.170906066899995,52.8687362671,97.4663085938,90.56267547610001,88.1413269043,61.3474807739,93.9990158081,98.38148498540001,91.15181732180001,81.2945709229
3,50.1720848083,52.8447151184,97.4991760254,90.6016235352,88.1695480347,61.3189811707,93.99839782709999,98.4101104736,91.17211151120001,81.3431472778
3,50.1745796204,52.821105957,97.5260009766,90.6371459961,88.19556427,61.332294464099995,94.0655593872,98.47967529299999,91.247718811,81.4280929565
3,50.1992874146,52.786491393999995,97.55611419680001,90.6685562134,88.2263717651,61.3185539246,94.0841751099,98.5086593628,91.2761688232,81.4675064087
3,50.2124290466,52.7469444275,97.60083007809999,90.7060012817,88.25275421139999,61.3316268921,94.14507293700001,98.5747070312,91.3416824341,81.5289077759
3,50.239982605,52.718273162799996,97.6385269165,90.752571106,88.2738265991,61.298530578599994,94.1485137939,98.5841522217,91.34693908690001,81.5709915161
3,50.277675628699996,52.6733016968,97.7317123413,90.8184432983,88.2942199707,61.280879974399994,94.21502685549999,98.6667633057,91.3925323486,81.6211166382
3,50.30606079100001,52.6148223877,97.84476470950001,90.8767623901,88.3126373291,61.2336006165,94.22129821780001,98.6721496582,91.38431549069999,81.6197509766
3,50.3330802917,52.523216247600004,97.9531555176,90.9145355225,88.33352661129999,61.1915130615,94.27960968020001,98.72937011719999,91.4481048584,81.6641616821
3,50.3591003418,52.4370574951,98.01279449459999,90.9602661133,88.3554382324,61.136356353800004,94.2841567993,98.7191085815,91.4401397705,81.6654434204
3,50.392948150600006,52.2862358093,98.0717086792,91.0467071533,88.38438415530001,61.1499252319,94.3298034668,98.7556381226,91.43835449219999,81.6839981079
3,50.407287597700005,52.1977119446,98.0970458984,91.0939025879,88.3987808228,61.1558456421,94.32598876950001,98.7572555542,91.4254455566,81.669921875
3,50.4383239746,52.061302185100004,98.1111984253,91.17428588870001,88.4068527222,61.186782836899994,94.3731231689,98.8093719482,91.4760665894,81.7036972046
3,50.487667083699996,51.9504127502,98.1230926514,91.22479248049999,88.4227142334,61.1517219543,94.3728408813,98.8291549683,91.476776123,81.6864089966
3,50.544380188000005,51.873916626,98.1582565308,91.250328064,88.4460906982,61.1643829346,94.42358398440001,98.8871994019,91.54624938959999,81.7100601196
3,50.6137924194,51.790046691899995,98.20007324219999,91.2668685913,88.46237182620001,61.142036438000005,94.4323272705,98.90078735350001,91.5625305176,81.6926040649
3,49.823348999,52.621528625500005,98.24480438229999,91.39800262450001,88.25303649899999,60.9377670288,96.9731445312,101.321380615,93.6630096436,83.66635894779999
3,49.82995986939999,52.6235046387,98.2379760742,91.3771820068,88.2324142456,61.0208816528,97.0132827759,101.36386871299999,93.7172927856,83.69441223140001
3,49.8262443542,52.625362396199996,98.2026824951,91.3604660034,88.2107925415,61.0449180603,97.0062789917,101.35984802200001,93.7180023193,83.68914031979999
3,49.816486358599995,52.6271324158,98.1714553833,91.3406677246,88.18662261959999,61.103015899700004,97.0622177124,101.424865723,93.77738189700001,83.735496521
3,49.809280395500004,52.6288032532,98.1456604004,91.32479095459999,88.1629562378,61.1151390076,97.07447052,101.43313598600001,93.7789611816,83.7417297363
3,49.8105888367,52.6278991699,98.1243591309,91.31371307370001,88.13614654540001,61.1481590271,97.1335372925,101.492446899,93.8234558105,83.7801055908
3,49.8248405457,52.623107910200005,98.1212997437,91.3004455566,88.12400817870001,61.158843994099996,97.13968658450001,101.493431091,93.8207321167,83.785484314
3,49.8526229858,52.6105690002,98.1218643188,91.2886734009,88.1193389893,61.196487426800005,97.1991729736,101.55075073200001,93.88209533690001,83.8412399292
3,49.863571166999996,52.6049461365,98.1224594116,91.2855758667,88.1156539917,61.1999435425,97.2010345459,101.563323975,93.89521026610001,83.8649520874
3,49.8750267029,52.6008377075,98.1230545044,91.2827072144,88.1133422852,61.217575073199995,97.2534408569,101.635192871,93.9557647705,83.9379043579
3,49.8847923279,52.602874755900004,98.13000488280001,91.28062438959999,88.1150665283,61.2076339722,97.2554855347,101.651771545,93.9682846069,83.9743881226
3,49.8917045593,52.6238288879,98.1437530518,91.2796325684,88.1152038574,61.2451820374,97.3094329834,101.723655701,94.029624939,84.0572662354
3,49.9088592529,52.6429901123,98.15626525879999,91.28051757809999,88.11483001709999,61.2544937134,97.3103790283,101.73231506299999,94.04671478270001,84.0795593262
3,49.9127311707,52.668403625500005,98.1673812866,91.2827224731,88.1174545288,61.2943572998,97.3654251099,101.81309509299999,94.0986328125,84.1411895752
3,49.9379653931,52.6757926941,98.1772232056,91.28210449219999,88.1242446899,61.287479400600006,97.3656005859,101.82207489,94.11524963379999,84.1448135376
3,49.9468231201,52.690483093299996,98.1861038208,91.2833709717,88.1309738159,61.302646636999995,97.4219055176,101.872680664,94.1722640991,84.189414978
3,49.9610519409,52.703163147,98.2103805542,91.28949737549999,88.1356735229,61.2855110168,97.42401123049999,101.87057495100001,94.17565917969999,84.1966552734
3,49.944736480699994,52.7139320374,98.2319107056,91.2983856201,88.1445617676,61.298877716099994,97.4801330566,101.91977691700001,94.22750091549999,84.23915100100001
3,49.923606872600004,52.723449707,98.267868042,91.3153533936,88.1545181274,61.2832679749,97.4844894409,101.924156189,94.2334289551,84.2412109375
3,49.901626586899994,52.7319564819,98.31231689450001,91.3227386475,88.1680831909,61.297996521,97.53726959229999,101.983963013,94.2782287598,84.2756195068
4,50.6195983887,56.580688476599995,73.5019836426,69.7919616699,90.70977783200001,65.7379302979,92.733543396,97.3930053711,90.70840454100001,81.6514968872
4,50.603595733599995,56.571952819799996,73.4479446411,69.702835083,90.7065353394,65.743888855,92.738899231,97.4104919434,90.72490692139999,81.6881942749
4,50.5732727051,56.5635871887,73.4261398315,69.59929656979999,90.6916809082,65.7366333008,92.74568939209999,97.4277572632,90.738609314,81.7305908203
4,50.5274963379,56.555683136000006,73.3941192627,69.5275726318,90.668296814,65.72634887699999,92.755531311,97.4408493042,90.7555236816,81.76415252689999
4,50.4849205017,56.5481758118,73.3591308594,69.4332885742,90.6431655884,65.7178192139,92.7631149292,97.4498062134,90.7757797241,81.7931365967
4,50.4392433167,56.5410118103,73.3150939941,69.37967681880001,90.6159439087,65.7154693604,92.7686157227,97.45713043209999,90.79795837399999,81.8132324219
4,50.3909072876,56.5341567993,73.2537918091,69.3129119873,90.5962905884,65.7106704712,92.7713470459,97.46388244629999,90.8114395142,81.8320159912
4,50.354579925500005,56.5275993347,73.1871795654,69.23975372310001,90.57382202149999,65.70840454100001,92.77453613280001,97.46918487549999,90.8184204102,81.8529205322
4,50.3261299133,56.5213127136,73.1136550903,69.1455154419,90.54661560059999,65.7060089111,92.77640533450001,97.4716567993,90.8294677734,81.8717193604
4,50.2974395752,56.5153007507,73.03658294680001,69.03499603270001,90.52563476559999,65.689491272,92.7774963379,97.4726028442,90.84197998049999,81.8900146484
4,50.271148681599996,56.5095405579,72.9717102051,68.95919036869999,90.49947357180001,65.6434326172,92.7744140625,97.4736785889,90.85361480709999,81.8988189697
4,50.2414550781,56.503997802700006,72.9190673828,68.8939056396,90.4699401855,65.5831375122,92.7700195312,97.4750900269,90.8698959351,81.9212036133
4,50.2086334229,56.498661041300004,72.8756484985,68.8353347778,90.4325256348,65.5158462524,92.7649536133,97.47737884520001,90.8885421753,81.93887329100001
4,50.180187225299996,56.4935188293,72.8390960693,68.7649536133,90.3806610107,65.4239730835,92.7612304688,97.48071289059999,90.89688110350001,81.9598464966
4,50.1464538574,56.488552093500005,72.8078765869,68.7119216919,90.3274154663,65.3163528442,92.7599945068,97.4842605591,90.9063796997,81.9744110107
4,50.1157073975,56.4837760925,72.7809143066,68.65213012699999,90.2782974243,65.2051925659,92.7584457397,97.4881896973,90.91854095459999,81.98696136470001
4,50.0947303772,56.4791679382,72.7573852539,68.6070480347,90.2363204956,65.1043395996,92.75667572020001,97.49382781979999,90.92900848389999,82.00050354
4,50.0693817139,56.4747238159,72.7365951538,68.5681381226,90.1987380981,65.0114974976,92.7537078857,97.49954223629999,90.9389572144,82.0090866089
4,50.049785613999994,56.4704551697,72.7181549072,68.5306472778,90.1498794556,64.9262466431,92.748550415,97.5045166016,90.9516830444,82.01406860350001
4,50.035068511999995,56.4663009644,72.7015914917,68.4970016479,90.11304473879999,64.8677825928,92.7434997559,97.50992584229999,90.9593505859,82.0168762207
4,51.904914856000005,56.2987327576,62.5860404968,58.8226394653,87.5546569824,63.7368927002,92.6959609985,97.4684677124,91.11706542969999,82.9072113037
4,51.8941268921,56.2983360291,62.434619903599994,58.65929794310001,87.57043457030001,63.7552337646,92.6965560913,97.46742248540001,91.1172637939,82.90743255619999
4,51.8828430176,56.297939300500005,62.3135032654,58.5063819885,87.58241271969999,63.7727127075,92.6978759766,97.4674301147,91.1192550659,82.9079055786
4,51.8797874451,56.297554016099994,62.2161941528,58.3865509033,87.5945587158,63.800582885699995,92.69896698,97.4686126709,91.1206283569,82.9081726074
4,51.877182006800005,56.2971687317,62.134544372600004,58.2534866333,87.60857391360001,63.830768585200005,92.7001495361,97.47007751459999,91.1245346069,82.9088897705
4,51.8657493591,56.2967910767,62.0647468567,58.1760215759,87.6154556274,63.8459091187,92.701675415,97.4722976685,91.1295776367,82.9101028442
4,51.8636703491,56.2964096069,61.9753684998,58.1224517822,87.6242218018,63.8506851196,92.70280456540002,97.474899292,91.13346862790002,82.9101715088
4,51.866065979,56.2960395813,61.8918533325,58.0623321533,87.6347885132,63.8581428528,92.7039489746,97.4775085449,91.1398162842,82.9100189209
4,51.87030410770001,56.295665741,61.8200721741,57.993312835699996,87.6504440308,63.8525428772,92.7058563232,97.4792251587,91.14395904540001,82.9104919434
4,51.8801078796,56.295291900600006,61.757434845,57.9092903137,87.6757202148,63.8504180908,92.7080764771,97.48160552979999,91.1455078125,82.9107589722
4,51.8910179138,56.2949333191,61.702583313000005,57.836158752399996,87.6994247437,63.8437919617,92.7100524902,97.4844589233,91.146812439,82.9134750366
4,51.909023284899995,56.294582366899995,61.6540184021,57.7728462219,87.7073974609,63.835109710699996,92.711265564,97.4876403809,91.14923095700001,82.9140548706
4,51.9277687073,56.2942199707,61.6107368469,57.710624694799996,87.71466064450001,63.8230667114,92.7124786377,97.49437713620001,91.1551971436,82.9139251709
4,51.9461174011,56.293865203900005,61.5718765259,57.6482620239,87.7177200317,63.8050384521,92.7134475708,97.4974822998,91.1601104736,82.91445922850001
4,51.947914123500006,56.2935142517,61.536769866899995,57.600048065200006,87.7194519043,63.7958030701,92.7160186768,97.50274658200001,91.165687561,82.9183502197
4,51.9371795654,56.293182373,61.3804168701,57.576301574700004,87.7193984985,63.7882957458,92.7179260254,97.50902557370001,91.17119598389999,82.9221038818
4,51.9097251892,56.2928314209,61.1729621887,57.5259895325,87.7192993164,63.782318115200006,92.72026824950001,97.5183334351,91.1762084961,82.925239563
4,51.8499031067,56.2924957275,61.034656524700004,57.4347038269,87.7192306519,63.779243469200004,92.722946167,97.5244140625,91.1818695068,82.9311752319
4,51.774101257299996,56.2921638489,60.914562225299996,57.3398895264,87.7186203003,63.7650299072,92.7222290039,97.5270767212,91.1866760254,82.9333114624
4,51.6887702942,56.2918395996,60.8143501282,57.2487983704,87.7183303833,63.691425323500006,92.72108459469999,97.5277175903,91.1919174194,82.93282318119999
4,52.2057876587,56.2670669556,54.2581329346,50.6288223267,86.922088623,63.415538787799996,92.7523727417,97.4903640747,91.1436691284,82.82540893550001
4,51.947216033900006,56.266929626499994,54.196929931599996,50.6056861877,86.9254150391,63.4180374146,92.7522201538,97.4933547974,91.1484603882,82.826423645
4,51.725807189899996,56.266784668,54.162857055699995,50.578739166300004,86.9274520874,63.4273033142,92.7530670166,97.4971160889,91.1537094116,82.8275756836
4,51.530052185100004,56.2666473389,54.1212615967,50.5517463684,86.92929077149999,63.434936523400005,92.7529067993,97.5011291504,91.164680481,82.8282241821
4,51.3372917175,56.2665176392,54.0817489624,50.5270690918,86.9385299683,63.427520752,92.75435638430001,97.50519561770001,91.1711654663,82.8300323486
4,51.126903533900006,56.266380310100004,54.0488586426,50.500820159899995,86.947555542,63.4221229553,92.7559051514,97.5108184814,91.17845153809999,82.8329544067
4,50.986736297600004,56.266254425,54.0166969299,50.4749908447,86.9541931152,63.418685913100006,92.75777435299999,97.5155105591,91.1857147217,82.8357543945
4,50.8653717041,56.2661170959,53.990364074700004,50.4505691528,86.9595184326,63.4161567688,92.7578964233,97.5219573975,91.1977539062,82.8361282349
4,50.7517280579,56.265983581499995,53.9592323303,50.4234390259,86.96795654299999,63.405952453599994,92.757194519,97.5274047852,91.2014770508,82.8361053467
4,50.6689682007,56.265853881800005,53.9159202576,50.396327972399995,86.9833908081,63.377239227299995,92.7565460205,97.53150177,91.20179748540001,82.8405532837
4,50.6056404114,56.2657279968,53.871181488000005,50.3649406433,86.99956512450001,63.3400382996,92.7560806274,97.53470611569999,91.20174407959999,82.8454208374
4,50.556308746300004,56.2655944824,53.8395195007,50.3316459656,87.01982879639999,63.3154067993,92.75596618649999,97.53723144530001,91.2015075684,82.8463287354
4,50.514080047600004,56.26546478270001,53.8077278137,50.2999687195,87.03968811040001,63.2927513123,92.7553024292,97.53784179690001,91.20133209229999,82.8461227417
4,50.4775848389,56.265327453599994,53.789958953900005,50.27355575560001,87.05958557129999,63.2664337158,92.7550811768,97.53824615479999,91.2010269165,82.8463821411
4,50.4441986084,56.265209198,53.75409317020001,50.2490196228,87.07440185549999,63.2410430908,92.7543869019,97.53834533690001,91.2009735107,82.8468704224
4,50.401943206800006,56.2650794983,53.712203979499996,50.209526061999995,87.08617401120001,63.2115974426,92.753578186,97.53820800780001,91.2006225586,82.8466110229
4,50.3692092896,56.2649536133,53.6693229675,50.1660804749,87.0921859741,63.19663620000001,92.7530670166,97.5378875732,91.2002716064,82.8451385498
4,50.331974029499996,56.2648277283,53.6311378479,50.122268676800005,87.09730529790001,63.1699104309,92.7530136108,97.5382385254,91.2005233765,82.84525299069999
4,50.3029022217,56.264709472700005,53.5999145508,50.08382415770001,87.1024780273,63.131652832,92.7530670166,97.5397491455,91.200668335,82.8455734253
4,50.275722503699996,56.2645759583,53.5737380981,50.0477256775,87.1072006226,63.0252799988,92.7533035278,97.5401000977,91.201461792,82.845451355
4,54.3473396301,49.3976287842,50.973033905,47.835144043,87.751335144,61.496307373,93.67378997799999,98.7739334106,92.21180725100001,83.16171264649999
4,54.3386878967,49.364898681599996,50.9089393616,47.8081092834,87.74884033200001,61.504062652600005,93.7193603516,98.8352432251,92.28198242190001,83.2325592041
4,54.333374023400005,49.335651397700005,50.857200622600004,47.7687492371,87.747756958,61.4703102112,93.7110519409,98.8448791504,92.30229949950001,83.2569351196
4,54.3214149475,49.309093475299996,50.7851867676,47.7281341553,87.7434692383,61.4756889343,93.7541122437,98.9093322754,92.3721847534,83.303276062
4,54.3292961121,49.284934997600004,50.6930351257,47.6631698608,87.73838043209999,61.442581176800005,93.7488250732,98.91674804690001,92.3931655884,83.30851745609999
4,54.3456916809,49.2629051208,50.590766906700004,47.575088501,87.7359008789,61.4616775513,93.79828643799999,98.97757720950001,92.47191619870001,83.3612747192
4,54.3563308716,49.2426681519,50.564414978,47.4780693054,87.7331085205,61.4642829895,93.79439544680001,98.9777297974,92.47886657709999,83.36906433109999
4,54.364406585699996,49.224002838100006,50.5558280945,47.416763305699995,87.72882843020001,61.4889068604,93.8346786499,99.0284576416,92.5206985474,83.42366790770001
4,54.3673820496,49.2067489624,50.5438194275,47.379791259799994,87.7231903076,61.4929542542,93.8202209473,99.0164642334,92.5048217773,83.4263916016
4,54.3723106384,49.1907348633,50.5256729126,47.3615684509,87.7209091187,61.5448226929,93.86100769040002,99.05909729,92.5470046997,83.4747390747
4,54.376033783000004,49.1757965088,50.515403747600004,47.3440322876,87.7164611816,61.569519043,93.8532943726,99.04948425290002,92.5436706543,83.4791259766
4,54.3822555542,49.161880493199995,50.5088195801,47.336200714099995,87.71390533450001,61.6275405884,93.9018325806,99.0966339111,92.5918884277,83.5297698975
4,54.3847618103,49.148838043199994,50.497303009,47.331699371300004,87.70922851559999,61.643016815200006,93.8968505859,99.0941696167,92.5930252075,83.53191375729999
4,54.3903236389,49.1366348267,50.4871635437,47.3201980591,87.7077789307,61.666728973400005,93.94585418700001,99.1476821899,92.65070343020001,83.5782928467
4,54.3848495483,49.1251525879,50.4755744934,47.3063163757,87.70448303219999,61.634075164799995,93.9420928955,99.1456375122,92.65112304690001,83.58739471439999
4,54.376895904499996,49.114315033000004,50.462532043500005,47.2943229675,87.7036743164,61.64730072020001,93.9908676147,99.19786071780001,92.6972732544,83.63856506350001
4,54.3665847778,49.1041183472,50.3769302368,47.2814598083,87.70369720459999,61.6111869812,93.9892807007,99.1958770752,92.68934631350001,83.6330871582
4,54.3526802063,49.094493866,50.3076400757,47.256294250500005,87.701423645,61.61510849,94.0407333374,99.24747467040001,92.73421478270001,83.6691818237
4,54.332927703900005,49.0854110718,50.2984046936,47.218875885,87.69691467290001,61.5959777832,94.03798675540001,99.2426757812,92.7336654663,83.6569366455
4,54.3014526367,49.076812744099996,50.290794372600004,47.2053260803,87.6969223022,61.6174430847,94.08522033690001,99.28932189940001,92.7823791504,83.69636535640001
4,53.5333976746,48.86535263060001,49.8331489563,46.8531951904,87.5607147217,60.74269104,95.6115493774,100.926071167,93.8173065186,84.1561050415
4,53.5552024841,48.8643531799,49.832023620600005,46.853706359899995,87.5616607666,60.712528228800004,95.66284942629999,100.988647461,93.8779830933,84.22189331050001
4,53.5705566406,48.863361358599995,49.8313751221,46.8532905579,87.56231689450001,60.64395141600001,95.664680481,100.99031829799999,93.8754653931,84.2378768921
4,53.598552703900005,48.862396240200006,49.8368682861,46.851161956800006,87.5625762939,60.6117019653,95.7142028809,101.047554016,93.9234161377,84.2927932739
4,53.6321563721,48.86144638060001,49.839752197299994,46.8511734009,87.5612411499,60.5402908325,95.71053314209999,101.04349517799999,93.92659759520001,84.3000335693
4,53.6686630249,48.8605155945,49.8412437439,46.851222991899995,87.5600738525,60.515338897700005,95.76100158690001,101.09490966799999,93.9825057983,84.3570022583
4,53.714553833000004,48.859588623,49.8433647156,46.851230621300004,87.5567245483,60.4543113708,95.75332641600001,101.09888458299999,93.9917678833,84.34879302979999
4,53.77460098270001,48.8586769104,49.8457145691,46.8514595032,87.55219268799999,60.5173416138,95.80052948,101.15763855,94.05284118649999,84.39474487300001
4,53.827999115,48.857791900600006,49.855766296400006,46.8516273499,87.5508499146,60.56680297850001,95.8023605347,101.16506958,94.0592041016,84.3936767578
4,53.9038772583,48.8568954468,49.8707466125,46.8517723083,87.5476303101,60.6620826721,95.8534851074,101.232002258,94.11903381350001,84.43184661869999
4,53.9632644653,48.8561019897,49.8858947754,46.8529586792,87.54279327389999,60.7155456543,95.8340988159,101.23072052,94.1286239624,84.4270629883
4,54.0192832947,48.8552360535,49.9032058716,46.8537406921,87.53589630129999,60.7310714722,95.8796920776,101.284812927,94.17933654790001,84.4648971558
4,54.078044891400005,48.854400634799994,49.9177284241,46.854801178,87.5332641602,60.738090515100005,95.8721160889,101.279685974,94.17381286620001,84.4645233154
4,54.136108398400005,48.853576660200005,49.9293060303,46.8565826416,87.52769470209999,60.80215454100001,95.9101028442,101.33451080299999,94.2268371582,84.5168533325
4,54.174674987799996,48.852771759,49.9283905029,46.8579673767,87.5219497681,60.8764343262,95.8957595825,101.32419586200001,94.244644165,84.527305603
4,54.2210197449,48.8519668579,49.928173065200006,46.8581237793,87.5160369873,60.9234733582,95.9386062622,101.373382568,94.2912063599,84.5885925293
4,54.2719802856,48.851196289099995,49.9113006592,46.8582305908,87.511100769,60.9297943115,95.93305206299999,101.373428345,94.2812042236,84.6061401367
4,54.328464508100005,48.85042572020001,49.9119720459,46.8572044373,87.5099334717,60.9666633606,95.97769927979999,101.42720031700001,94.3321990967,84.6480636597
4,54.3840637207,48.849658966099994,49.915615081800006,46.857383728,87.5092163086,60.9448394775,95.9668731689,101.42567443799999,94.34800720209999,84.6560592651
4,54.452339172399995,48.848896026599995,49.9078102112,46.8576660156,87.50749206540002,60.9464988708,96.0122070312,101.471008301,94.41795349120001,84.7136001587
5,60.804077148400005,74.8693313599,69.18594360350001,64.9808273315,53.952209472700005,72.3938293457,104.760093689,112.77617645299999,105.76245117200001,94.86324310299999
5,60.6606750488,74.8604431152,69.0792388916,64.9934997559,53.954372406000005,72.4691314697,104.756225586,112.776069641,105.76544952399999,94.86136627200001
5,60.5200958252,74.8523178101,69.0744934082,65.0034484863,53.9515457153,72.4812774658,104.76288604700001,112.775161743,105.76477813700001,94.8633651733
5,60.3615379333,74.8447189331,69.0887145996,65.0124359131,53.9401779175,72.4827194214,104.82021331799999,112.764648438,105.764053345,94.8678970337
5,60.2214851379,74.8375167847,69.0093841553,65.028465271,53.930335998500006,72.4852523804,104.82165527299999,112.76501464799999,105.765487671,94.87281036379999
5,60.075736999499995,74.8307037354,69.0149078369,65.0378036499,53.9064865112,72.4893798828,104.81840515100001,112.767578125,105.767196655,94.87657165530001
5,59.9708976746,74.824256897,69.01512146,65.0491943359,53.883644104,72.5095367432,104.81649017299999,112.773422241,105.770996094,94.8792724609
5,59.8295478821,74.8181304932,69.0460357666,65.05257415770001,53.851898193400004,72.5352249146,104.81520080600001,112.777130127,105.77205658,94.8873062134
5,59.7076644897,74.81228637699999,69.0807800293,65.0465240479,53.840381622299994,72.5824890137,104.814582825,112.779685974,105.77143859899999,94.8945541382
5,59.5961608887,74.8067321777,69.13101959229999,65.0469207764,53.8350257874,72.63265228270001,104.812904358,112.77871704100001,105.77097320600001,94.8980255127
5,59.489528656000005,74.8013839722,69.1458358765,64.9515914917,53.8425178528,72.6397018433,104.81336975100001,112.77305603,105.76725769,94.9011001587
5,59.4032974243,74.7962875366,69.1799621582,64.8140640259,53.8443450928,72.66144561770001,104.813476562,112.759536743,105.76342773399999,94.9022750854
5,59.3436355591,74.7914581299,69.1753692627,64.6810455322,53.8439826965,72.6726531982,104.81325531,112.743835449,105.741188049,94.9028930664
5,59.2883338928,74.786781311,69.19032287600001,64.451965332,53.8407821655,72.6748504639,104.81337738,112.734870911,105.720840454,94.9045257568
5,59.233730316199996,74.7823257446,69.2016296387,64.3809127808,53.80480575560001,72.6804962158,104.813896179,112.733688354,105.71753692600001,94.9062728882
5,59.1744270325,74.7780761719,69.220664978,64.3434906006,53.7846450806,72.6878662109,104.81385803200001,112.73813629200001,105.717430115,94.9087371826
5,59.1183319092,74.77393341060001,69.2433319092,64.3268661499,53.7318649292,72.6925354004,104.813751221,112.743721008,105.71723938,94.9119644165
5,59.0637245178,74.7699661255,69.26016235350001,64.3130569458,53.7109794617,72.7009124756,104.81324768100001,112.74466705299999,105.72218322799999,94.91465759280001
5,58.9894599915,74.7661361694,69.275100708,64.3135910034,53.6661186218,72.70148468020001,104.813774109,112.74863433799999,105.72263336200001,94.915184021
5,58.9087295532,74.7624588013,69.2934265137,64.3215713501,53.623336791999996,72.7135772705,104.81310272200001,112.752601624,105.724739075,94.91522216799999
5,54.9200668335,74.6469497681,70.1629486084,64.5524291992,53.0236473083,74.1920013428,103.695098877,110.934501648,104.13927459700001,94.7005691528
5,54.9405555725,74.6460723877,70.2268371582,64.5521850586,53.0523872375,74.1828460693,103.69674682600001,110.932472229,104.138381958,94.6902008057
5,54.954574585,74.6457748413,70.2286682129,64.55056762699999,53.061157226599995,74.161605835,103.697547913,110.934455872,104.13849639899999,94.6873016357
5,54.9694252014,74.6452026367,70.2291183472,64.5506439209,53.064460754399995,74.0859909058,103.698516846,110.936462402,104.141021729,94.67861175540001
5,54.990184783900006,74.64463806149999,70.2296676636,64.5516204834,53.064888000500005,74.0193405151,103.702812195,110.952735901,104.144996643,94.6771850586
5,55.0141334534,74.6440887451,70.2300491333,64.5535430908,53.0632667542,73.9826507568,103.70763397200001,110.96817016600001,104.154647827,94.67852783200001
5,55.0558052063,74.6435317993,70.2476425171,64.5554122925,53.0563850403,73.9605789185,103.774253845,110.98500061,104.158332825,94.6817779541
5,55.104862213100006,74.6429901123,70.32530212399999,64.5572280884,53.046211242700004,73.94272613529999,103.86009979200001,111.00541687,104.165382385,94.6831817627
5,55.1318473816,74.6424636841,70.3715362549,64.535697937,53.034450531000005,73.9385910034,103.945243835,111.01434326200001,104.173843384,94.686668396
5,55.1471366882,74.64194488529999,70.43241119380001,64.5042419434,52.995655059799994,73.9308166504,104.000556946,111.036621094,104.18572998,94.68851470950001
5,55.1572265625,74.641418457,70.4394454956,64.4770202637,52.984638214099995,73.92264556880001,104.010696411,111.05585479700001,104.19844055200001,94.69039154049999
5,55.1712875366,74.6408996582,70.4429779053,64.4540710449,52.960746765100005,73.9258728027,104.00727844200001,111.078552246,104.206687927,94.69395446780001
5,55.174541473400005,74.6403961182,70.4601364136,64.4401626587,52.9281272888,73.9212493896,104.00652313200001,111.087654114,104.28755188,94.6967010498
5,55.1802177429,74.6398925781,70.4693145752,64.4142074585,52.900062561000006,73.9167175293,104.003044128,111.112983704,104.393699646,94.70156860350001
5,55.1970939636,74.6394119263,70.4745559692,64.38777160640001,52.8655509949,73.90409088130001,104.001457214,111.14395141600001,104.405426025,94.7172622681
5,55.2288246155,74.6389160156,70.47785186770001,64.3571243286,52.8345451355,73.8925628662,103.999008179,111.191589355,104.411079407,94.7306671143
5,55.247123718299996,74.6384429932,70.4781341553,64.3761978149,52.7910881042,73.8725128174,103.99473571799999,111.224403381,104.41526794399999,94.74816894530001
5,55.2569465637,74.6379623413,70.479309082,64.3947296143,52.79061889649999,73.8127365112,103.991912842,111.24861908,104.42253112799999,94.7654953003
5,55.26113891600001,74.6375045776,70.4810028076,64.396522522,52.8154983521,73.8319091797,103.986091614,111.272583008,104.432563782,94.79100036620001
5,55.268901825,74.6370391846,70.4783248901,64.39791107180001,52.828578949,73.8018798828,103.984664917,111.28903198200001,104.43697357200001,94.8076400757
5,56.212528228800004,69.4349441528,73.8065567017,67.6242523193,56.4271888733,70.3134536743,104.29118347200001,111.09449005100001,103.783561707,94.2351608276
5,56.2614021301,69.4401931763,73.805480957,67.6239624023,56.427120208699996,70.2607116699,104.29548645,111.095314026,103.78365325899999,94.22708129879999
5,56.3135757446,69.440071106,73.8035888672,67.6214141846,56.42296981810001,70.2001419067,104.31114959700001,111.096130371,103.782188416,94.21900939940001
5,56.3790206909,69.4419631958,73.7430953979,67.67166137699999,56.418029785200005,70.1241912842,104.310676575,111.096458435,103.781959534,94.20732879639999
5,56.480754852299995,69.4427490234,73.6629104614,67.6705780029,56.4206733704,70.0169830322,104.31057739299999,111.096115112,103.78058624299999,94.19869995120001
5,56.588916778599994,69.4292144775,73.5910491943,67.6659240723,56.4222984314,69.9329910278,104.308830261,111.098350525,103.77938079799999,94.1872329712
5,56.696197509799994,69.3694610596,73.5826187134,67.7004318237,56.422344207799995,69.8580322266,104.30722045899999,111.09845733600001,103.77871704100001,94.178062439
5,56.7835273743,69.35749816890001,73.5876312256,67.7353591919,56.425994873,69.802696228,104.307281494,111.097106934,103.77835083,94.1775970459
5,56.8515396118,69.3513336182,73.6541824341,67.7526931763,56.430992126499994,69.7535018921,104.30360412600001,111.09693908700001,103.778030396,94.1700668335
5,56.935344696,69.3465957642,73.8252334595,67.7593841553,56.4342956543,69.7255935669,104.29564666700001,111.09970855700001,103.773635864,94.16394042969999
5,57.1032104492,69.35163879390001,73.9564208984,67.7721557617,56.453594207799995,69.692565918,104.291397095,111.10030365,103.77091217,94.1595916748
5,57.2693901062,69.4188308716,74.0027999878,67.7959518433,56.497360229499996,69.6641845703,104.28994751,111.101974487,103.765411377,94.15161132809999
5,57.4004898071,69.4898681641,73.991569519,67.8253631592,56.5667877197,69.6330871582,104.29049682600001,111.102325439,103.762619019,94.1488265991
5,57.5047073364,69.55381774899999,73.9849472046,67.8241882324,56.6363754272,69.6182327271,104.290122986,111.101074219,103.760177612,94.14791870120001
5,57.6140098572,69.5516281128,73.9778442383,67.8241729736,56.672588348400005,69.6130371094,104.290382385,111.099998474,103.757804871,94.146156311
5,57.736698150600006,69.5467224121,73.9756698608,67.826965332,56.7112617493,69.6112670898,104.29021453899999,111.10488128700001,103.753692627,94.14613342290001
5,57.8225669861,69.5413894653,73.9880905151,67.9242630005,56.749423980699994,69.6129989624,104.287757874,111.106590271,103.75073242200001,94.14636230469999
5,57.891750335699996,69.5378341675,74.0093917847,67.9591217041,56.847038268999995,69.6240692139,104.288444519,111.108955383,103.74919128399999,94.1465454102
5,57.9671440125,69.5477828979,74.0355834961,67.9798660278,56.944023132299996,69.63777160640001,104.290092468,111.118125916,103.74864196799999,94.1468582153
5,58.0198402405,69.5735626221,74.0017700195,68.029258728,57.005081176800005,69.6470718384,104.29098510700001,111.13785553,103.749649048,94.1492004395
5,59.310276031499995,68.7630233765,73.1339569092,67.7381668091,57.1086120605,70.5396347046,104.58470916700001,111.183906555,103.66020202600001,93.8143081665
5,59.319911956800006,68.7495574951,73.12191009520001,67.7208404541,57.1044654846,70.5435791016,104.58459472700001,111.184547424,103.66221618700001,93.8208999634
5,59.339653015100005,68.7372665405,73.15091705319999,67.7621536255,57.098552703900005,70.5489196777,104.584938049,111.187713623,103.66388702399999,93.8323059082
5,59.366104126,68.72959899899999,73.2175445557,67.7832183838,57.0947265625,70.5509109497,104.59038543700001,111.188331604,103.66653442399999,93.8339614868
5,59.4220199585,68.736579895,73.2749328613,67.7858276367,57.0948677063,70.5596542358,104.609741211,111.17176055899999,103.67430877700001,93.8343505859
5,59.4868125916,68.7437133789,73.2919235229,67.7876205444,57.0973358154,70.5827102661,104.60684204100001,111.17337799100001,103.678718567,93.83344268799999
5,59.535282135,68.7460021973,73.3499679565,67.7801589966,57.1022834778,70.6082000732,104.601783752,111.176979065,103.690498352,93.8357925415
5,59.5763893127,68.7476959229,73.3884735107,67.7855758667,57.1027069092,70.6313247681,104.59637451200001,111.181945801,103.698791504,93.83885192870001
5,59.6141166687,68.7567825317,73.4179000854,67.8314743042,57.1035842896,70.6619873047,104.58445739700001,111.181938171,103.703330994,93.84030151370001
5,59.6606445312,68.7729721069,73.4782562256,67.8731765747,57.091735839799995,70.69296264649999,104.577033997,111.181930542,103.708595276,93.8461456299
5,59.715057373,68.78839874270001,73.4701461792,67.8952178955,57.0931892395,70.719909668,104.562515259,111.18384552,103.719024658,93.8544235229
5,59.7467498779,68.82139587399999,73.4528427124,67.9022903442,57.0901947021,70.76224517819999,104.55454254200001,111.192054749,103.72895813,93.8648681641
5,59.7838020325,68.8239440918,73.4522476196,67.9365158081,57.0905647278,70.8052825928,104.55024719200001,111.196502686,103.731544495,93.8746948242
5,59.8293495178,68.82373809810001,73.4576034546,67.962387085,57.0970535278,70.8359069824,104.54858398399999,111.20008850100001,103.7318573,93.8897171021
5,59.8969650269,68.8238677979,73.6205368042,67.9854125977,57.098373413100006,70.864402771,104.54537963899999,111.203056335,103.73379516600001,93.90398406979999
5,59.9872894287,68.825050354,73.746887207,68.0059204102,57.1000556946,70.8892745972,104.536209106,111.20658111600001,103.738273621,93.9187774658
5,60.0989570618,68.874961853,73.8687744141,68.0243225098,57.1014175415,70.9160232544,104.52882385299999,111.221351624,103.739944458,93.9259185791
5,60.1905937195,68.9270782471,73.8735046387,68.040763855,57.1062660217,70.9381027222,104.52432251,111.22694397,103.743927002,93.9391098022
5,60.299327850299996,68.99862670899999,73.8739395142,68.1158599854,57.1066703796,70.9445343018,104.52207183799999,111.22651672399999,103.75074005100001,93.95337677
5,60.3793525696,69.0331726074,73.8743591309,68.1922607422,57.115978241,70.9450378418,104.519607544,111.232002258,103.76123809799999,93.9601745605
5,61.726436615,71.0659408569,76.86492156979999,71.5673599243,59.9596099854,72.3990631104,105.32035827600001,111.920631409,104.427330017,93.95748138430001
5,61.703952789300004,71.18715667720001,76.92948150630001,71.6864929199,59.961715698199995,72.3800201416,105.334976196,111.905975342,104.402526855,93.9253921509
5,61.679000854499996,71.356086731,77.174659729,71.7697677612,60.0201873779,72.34971618649999,105.343955994,111.895774841,104.383651733,93.8992996216
5,61.6552734375,71.4461593628,77.190612793,71.8051223755,60.0683898926,72.3055267334,105.351783752,111.88094329799999,104.36399841299999,93.8807220459
5,61.6551399231,71.6153488159,77.2024307251,71.87534332279999,60.0908584595,72.2567901611,105.36078643799999,111.874595642,104.34254455600001,93.85864257809999
5,61.6496925354,71.6607513428,77.2057876587,71.9240112305,60.16015625,72.2317199707,105.36505889899999,111.88459014899999,104.316810608,93.8275909424
5,61.6369018555,71.6691360474,77.2326660156,71.9727706909,60.1888580322,72.21236419680001,105.377334595,111.878349304,104.300231934,93.78987884520001
5,61.6184120178,71.6707077026,77.6177215576,72.0697402954,60.2235221863,72.1861038208,105.390068054,111.87697601299999,104.27731323200001,93.75978088379999
5,61.6059913635,71.6863250732,77.6165313721,72.1218719482,60.3412094116,72.1491241455,105.40084838899999,111.876670837,104.260452271,93.735824585
5,61.58417129520001,71.8703613281,77.6767044067,72.1854095459,60.4365539551,72.1252975464,105.40948486299999,111.873268127,104.25828552200001,93.7036895752
5,61.5737609863,71.8947906494,77.5984039307,72.2195510864,60.4750404358,72.10546875,105.415733337,111.901634216,104.257255554,93.6868896484
5,61.560810089099995,71.94190216060001,77.5657501221,72.27895355220001,60.552734375,72.0582885742,105.427467346,111.90634155299999,104.258384705,93.67952728270001
5,61.565761566199996,71.9403076172,77.6085662842,72.2927246094,60.607963561999995,72.00918579100001,105.44123840299999,111.90696716299999,104.27117157,93.6535339355
5,61.56621932979999,71.9410247803,77.4602584839,72.2790756226,60.6379508972,71.94742584229999,105.451538086,111.90487670899999,104.268280029,93.63408660889999
5,61.5535087585,72.0924530029,77.21450042720001,72.2899780273,60.6379737854,71.8313827515,105.455627441,111.90650177,104.266815186,93.6088638306
5,61.560424804700006,72.0712509155,77.1509933472,72.3038253784,60.6372756958,71.7244110107,105.461288452,111.90639495799999,104.264526367,93.5982589722
5,61.5537567139,72.04233551029999,77.1522521973,72.31954956050001,60.6342086792,71.620803833,105.47065734899999,111.908081055,104.264579773,93.591178894
5,61.5324707031,72.0428695679,77.1433181763,72.3245849609,60.6303024292,71.5080718994,105.49266052200001,111.920921326,104.269119263,93.5797958374
5,61.5274887085,72.0385131836,77.1514892578,72.3308792114,60.632598877,71.3757858276,105.523178101,111.932975769,104.26936340299999,93.5712585449
5,61.5309715271,72.017250061,77.1555328369,72.3360061646,60.6366043091,71.2557754517,105.553375244,111.94715118399999,104.269538879,93.5609741211
